Step,Random,Greedy,E-greedy (e=0.01),E-greedy (e=0.05),E-greedy (e=0.1)
0,0.0,0.0,0.0,0.0,0.0
1,0.0,0.0,0.0,0.0,0.0
2,1.0,0.0,0.0,0.0,0.0
3,1.0,1.0,1.0,1.0,1.0
4,1.0,1.0,1.0,1.0,1.0
5,1.0,2.0,1.0,1.0,1.0
6,2.0,2.0,2.0,2.0,2.0
7,3.0,2.0,3.0,3.0,3.0
8,3.0,3.0,4.0,4.0,4.0
9,4.0,3.0,4.0,4.0,5.0
10,4.0,4.0,5.0,4.0,6.0
11,4.0,5.0,6.0,5.0,7.0
12,4.0,6.0,7.0,6.0,8.0
13,5.0,7.0,8.0,7.0,8.0
14,5.0,7.0,8.0,8.0,9.0
15,6.0,8.0,9.0,9.0,10.0
16,6.0,9.0,10.0,9.0,11.0
17,6.0,10.0,11.0,10.0,11.0
18,6.0,11.0,12.0,11.0,12.0
19,6.0,12.0,13.0,12.0,13.0
20,7.0,13.0,14.0,13.0,14.0
21,7.0,14.0,14.0,14.0,15.0
22,8.0,15.0,15.0,15.0,15.0
23,9.0,16.0,16.0,15.0,16.0
24,9.0,16.0,17.0,16.0,17.0
25,9.0,17.0,18.0,17.0,17.0
26,9.0,18.0,19.0,17.0,17.0
27,10.0,19.0,20.0,17.0,17.0
28,10.0,20.0,21.0,17.0,18.0
29,10.0,20.0,22.0,18.0,19.0
30,10.0,21.0,23.0,19.0,20.0
31,10.0,22.0,24.0,20.0,21.0
32,11.0,23.0,25.0,21.0,22.0
33,11.0,24.0,26.0,22.0,22.0
34,12.0,25.0,27.0,22.0,23.0
35,13.0,26.0,28.0,23.0,24.0
36,13.0,27.0,29.0,24.0,24.0
37,14.0,28.0,30.0,24.0,25.0
38,15.0,28.0,31.0,25.0,26.0
39,16.0,29.0,32.0,26.0,26.0
40,16.0,30.0,33.0,27.0,27.0
41,16.0,31.0,34.0,27.0,28.0
42,17.0,32.0,35.0,28.0,29.0
43,17.0,32.0,36.0,29.0,30.0
44,17.0,33.0,37.0,30.0,30.0
45,17.0,34.0,38.0,31.0,31.0
46,17.0,35.0,39.0,31.0,31.0
47,17.0,36.0,39.0,31.0,32.0
48,17.0,37.0,40.0,32.0,33.0
49,17.0,37.0,40.0,32.0,34.0
50,17.0,38.0,41.0,33.0,35.0
51,18.0,38.0,42.0,34.0,36.0
52,18.0,39.0,43.0,35.0,37.0
53,18.0,40.0,44.0,36.0,38.0
54,18.0,41.0,45.0,36.0,39.0
55,18.0,42.0,46.0,37.0,40.0
56,19.0,43.0,47.0,38.0,41.0
57,19.0,43.0,48.0,39.0,42.0
58,19.0,44.0,49.0,40.0,43.0
59,20.0,45.0,50.0,41.0,43.0
60,21.0,46.0,51.0,41.0,43.0
61,21.0,46.0,52.0,42.0,44.0
62,21.0,47.0,52.0,43.0,45.0
63,21.0,47.0,53.0,44.0,46.0
64,22.0,48.0,54.0,45.0,47.0
65,22.0,49.0,55.0,46.0,48.0
66,23.0,50.0,56.0,47.0,49.0
67,24.0,50.0,57.0,48.0,50.0
68,24.0,51.0,58.0,49.0,51.0
69,24.0,52.0,59.0,50.0,52.0
70,24.0,53.0,60.0,51.0,53.0
71,24.0,54.0,61.0,52.0,54.0
72,25.0,55.0,62.0,53.0,55.0
73,26.0,55.0,63.0,54.0,56.0
74,26.0,56.0,64.0,55.0,57.0
75,27.0,57.0,65.0,56.0,58.0
76,27.0,58.0,66.0,57.0,59.0
77,27.0,59.0,67.0,58.0,60.0
78,27.0,60.0,68.0,59.0,61.0
79,27.0,61.0,69.0,60.0,61.0
80,28.0,62.0,70.0,61.0,62.0
81,28.0,62.0,71.0,61.0,62.0
82,29.0,63.0,72.0,62.0,63.0
83,29.0,64.0,72.0,63.0,64.0
84,30.0,65.0,73.0,64.0,65.0
85,31.0,66.0,74.0,65.0,65.0
86,31.0,67.0,75.0,66.0,66.0
87,31.0,68.0,76.0,67.0,67.0
88,32.0,69.0,77.0,67.0,68.0
89,32.0,70.0,78.0,68.0,68.0
90,33.0,70.0,78.0,69.0,69.0
91,33.0,70.0,79.0,70.0,70.0
92,33.0,71.0,80.0,70.0,71.0
93,34.0,71.0,81.0,71.0,72.0
94,34.0,71.0,81.0,72.0,73.0
95,35.0,72.0,82.0,73.0,74.0
96,36.0,73.0,83.0,73.0,75.0
97,36.0,73.0,84.0,74.0,76.0
98,37.0,74.0,84.0,75.0,77.0
99,38.0,75.0,85.0,76.0,77.0
100,39.0,76.0,86.0,77.0,78.0
101,40.0,77.0,87.0,77.0,78.0
102,40.0,78.0,88.0,78.0,79.0
103,41.0,79.0,88.0,79.0,80.0
104,41.0,80.0,89.0,79.0,80.0
105,41.0,81.0,90.0,80.0,81.0
106,41.0,82.0,90.0,81.0,82.0
107,42.0,82.0,91.0,81.0,83.0
108,43.0,83.0,92.0,82.0,84.0
109,43.0,84.0,93.0,83.0,85.0
110,43.0,85.0,94.0,84.0,86.0
111,43.0,86.0,94.0,85.0,86.0
112,43.0,87.0,95.0,86.0,87.0
113,44.0,88.0,95.0,87.0,88.0
114,44.0,89.0,96.0,87.0,89.0
115,45.0,89.0,97.0,88.0,90.0
116,46.0,90.0,97.0,89.0,91.0
117,46.0,91.0,98.0,90.0,92.0
118,47.0,92.0,99.0,91.0,93.0
119,48.0,93.0,100.0,92.0,94.0
120,48.0,93.0,101.0,93.0,95.0
121,48.0,94.0,102.0,94.0,96.0
122,48.0,95.0,103.0,95.0,97.0
123,48.0,96.0,104.0,96.0,98.0
124,48.0,97.0,105.0,97.0,99.0
125,49.0,98.0,106.0,98.0,100.0
126,49.0,99.0,106.0,99.0,101.0
127,49.0,100.0,107.0,100.0,101.0
128,49.0,101.0,107.0,101.0,102.0
129,49.0,102.0,108.0,102.0,103.0
130,49.0,103.0,109.0,102.0,104.0
131,50.0,104.0,110.0,103.0,105.0
132,50.0,105.0,111.0,104.0,106.0
133,50.0,106.0,112.0,105.0,107.0
134,51.0,107.0,113.0,106.0,108.0
135,52.0,108.0,114.0,107.0,109.0
136,52.0,109.0,115.0,108.0,109.0
137,52.0,110.0,116.0,109.0,109.0
138,52.0,111.0,117.0,110.0,109.0
139,52.0,112.0,118.0,110.0,110.0
140,53.0,113.0,119.0,110.0,111.0
141,54.0,113.0,119.0,110.0,111.0
142,54.0,114.0,120.0,111.0,112.0
143,55.0,114.0,121.0,112.0,112.0
144,56.0,115.0,122.0,112.0,113.0
145,56.0,116.0,123.0,113.0,114.0
146,56.0,117.0,124.0,113.0,114.0
147,56.0,118.0,124.0,114.0,115.0
148,56.0,119.0,125.0,115.0,116.0
149,57.0,120.0,125.0,115.0,117.0
150,57.0,121.0,126.0,116.0,117.0
151,58.0,122.0,127.0,116.0,118.0
152,58.0,123.0,127.0,117.0,119.0
153,58.0,124.0,128.0,118.0,119.0
154,59.0,125.0,128.0,118.0,119.0
155,59.0,126.0,129.0,119.0,120.0
156,59.0,127.0,130.0,119.0,121.0
157,59.0,127.0,130.0,120.0,122.0
158,60.0,128.0,131.0,121.0,123.0
159,60.0,129.0,131.0,122.0,124.0
160,61.0,130.0,132.0,123.0,124.0
161,61.0,131.0,133.0,124.0,125.0
162,61.0,131.0,134.0,125.0,126.0
163,61.0,131.0,135.0,125.0,127.0
164,61.0,132.0,136.0,126.0,127.0
165,62.0,133.0,137.0,127.0,128.0
166,62.0,134.0,138.0,128.0,128.0
167,62.0,135.0,139.0,129.0,129.0
168,63.0,136.0,140.0,130.0,130.0
169,63.0,137.0,140.0,131.0,131.0
170,63.0,138.0,141.0,131.0,132.0
171,64.0,139.0,141.0,132.0,133.0
172,64.0,140.0,142.0,133.0,134.0
173,65.0,141.0,142.0,134.0,135.0
174,66.0,142.0,143.0,135.0,136.0
175,67.0,143.0,144.0,136.0,137.0
176,67.0,143.0,145.0,137.0,138.0
177,67.0,144.0,146.0,138.0,138.0
178,68.0,145.0,147.0,139.0,139.0
179,68.0,145.0,148.0,140.0,140.0
180,68.0,146.0,149.0,141.0,140.0
181,69.0,147.0,150.0,142.0,141.0
182,69.0,148.0,151.0,142.0,142.0
183,69.0,149.0,152.0,143.0,143.0
184,69.0,149.0,153.0,144.0,144.0
185,69.0,150.0,153.0,144.0,145.0
186,70.0,151.0,154.0,145.0,146.0
187,70.0,152.0,155.0,146.0,146.0
188,70.0,153.0,155.0,147.0,146.0
189,70.0,153.0,156.0,148.0,147.0
190,70.0,154.0,157.0,149.0,148.0
191,70.0,155.0,158.0,150.0,149.0
192,70.0,155.0,159.0,150.0,150.0
193,71.0,156.0,160.0,150.0,151.0
194,71.0,157.0,161.0,151.0,152.0
195,71.0,158.0,161.0,152.0,153.0
196,71.0,159.0,161.0,153.0,154.0
197,71.0,160.0,162.0,154.0,155.0
198,71.0,161.0,163.0,155.0,155.0
199,71.0,162.0,164.0,156.0,156.0
200,72.0,163.0,165.0,157.0,157.0
201,72.0,164.0,166.0,158.0,158.0
202,73.0,164.0,167.0,159.0,159.0
203,73.0,165.0,168.0,159.0,160.0
204,73.0,166.0,169.0,160.0,161.0
205,73.0,166.0,170.0,161.0,161.0
206,74.0,167.0,170.0,162.0,162.0
207,74.0,168.0,171.0,163.0,163.0
208,74.0,169.0,172.0,164.0,163.0
209,74.0,169.0,173.0,165.0,164.0
210,74.0,170.0,174.0,165.0,165.0
211,74.0,171.0,175.0,166.0,166.0
212,75.0,172.0,176.0,167.0,167.0
213,76.0,173.0,176.0,167.0,168.0
214,77.0,174.0,177.0,168.0,169.0
215,77.0,175.0,178.0,169.0,170.0
216,78.0,176.0,179.0,170.0,170.0
217,78.0,177.0,180.0,171.0,170.0
218,79.0,178.0,181.0,172.0,171.0
219,80.0,178.0,182.0,173.0,171.0
220,80.0,179.0,182.0,174.0,172.0
221,80.0,180.0,183.0,174.0,173.0
222,80.0,181.0,184.0,174.0,174.0
223,80.0,181.0,185.0,175.0,175.0
224,81.0,182.0,186.0,175.0,175.0
225,82.0,183.0,186.0,176.0,176.0
226,83.0,184.0,186.0,177.0,177.0
227,83.0,185.0,187.0,178.0,177.0
228,84.0,186.0,187.0,179.0,177.0
229,85.0,186.0,188.0,179.0,178.0
230,86.0,186.0,189.0,180.0,179.0
231,87.0,187.0,190.0,181.0,180.0
232,87.0,188.0,191.0,181.0,180.0
233,88.0,189.0,191.0,181.0,181.0
234,88.0,190.0,192.0,182.0,182.0
235,88.0,191.0,193.0,183.0,183.0
236,88.0,192.0,193.0,184.0,184.0
237,89.0,193.0,193.0,184.0,185.0
238,89.0,194.0,194.0,185.0,186.0
239,90.0,195.0,195.0,186.0,187.0
240,90.0,196.0,196.0,187.0,188.0
241,90.0,197.0,196.0,188.0,188.0
242,91.0,198.0,197.0,189.0,189.0
243,91.0,199.0,198.0,190.0,190.0
244,92.0,200.0,199.0,191.0,191.0
245,92.0,201.0,200.0,192.0,192.0
246,93.0,202.0,201.0,192.0,193.0
247,93.0,203.0,202.0,193.0,194.0
248,93.0,204.0,203.0,194.0,194.0
249,93.0,204.0,204.0,195.0,195.0
250,93.0,205.0,204.0,195.0,196.0
251,93.0,206.0,205.0,196.0,197.0
252,94.0,207.0,206.0,197.0,198.0
253,95.0,207.0,207.0,197.0,199.0
254,95.0,208.0,207.0,198.0,200.0
255,96.0,209.0,208.0,199.0,201.0
256,96.0,210.0,209.0,200.0,202.0
257,96.0,211.0,209.0,201.0,203.0
258,97.0,212.0,210.0,201.0,204.0
259,98.0,213.0,211.0,202.0,205.0
260,98.0,214.0,212.0,203.0,206.0
261,98.0,215.0,213.0,204.0,207.0
262,98.0,215.0,213.0,205.0,207.0
263,98.0,216.0,214.0,206.0,207.0
264,98.0,217.0,215.0,207.0,208.0
265,98.0,218.0,216.0,208.0,209.0
266,99.0,219.0,217.0,209.0,210.0
267,100.0,220.0,218.0,210.0,210.0
268,101.0,221.0,219.0,211.0,211.0
269,102.0,222.0,220.0,212.0,212.0
270,102.0,223.0,221.0,213.0,212.0
271,103.0,224.0,222.0,214.0,212.0
272,103.0,225.0,223.0,215.0,212.0
273,103.0,226.0,224.0,215.0,213.0
274,103.0,227.0,225.0,216.0,214.0
275,103.0,228.0,226.0,217.0,215.0
276,103.0,229.0,227.0,217.0,216.0
277,104.0,230.0,227.0,217.0,217.0
278,105.0,231.0,228.0,217.0,218.0
279,105.0,231.0,229.0,218.0,219.0
280,105.0,231.0,229.0,219.0,219.0
281,106.0,232.0,230.0,220.0,220.0
282,106.0,232.0,231.0,221.0,220.0
283,107.0,233.0,231.0,222.0,221.0
284,107.0,233.0,232.0,223.0,222.0
285,107.0,234.0,233.0,224.0,223.0
286,107.0,235.0,234.0,224.0,224.0
287,107.0,236.0,235.0,225.0,225.0
288,107.0,237.0,236.0,225.0,226.0
289,107.0,238.0,237.0,226.0,227.0
290,107.0,239.0,238.0,227.0,228.0
291,108.0,239.0,238.0,228.0,229.0
292,108.0,240.0,239.0,229.0,230.0
293,108.0,241.0,239.0,230.0,231.0
294,108.0,242.0,240.0,231.0,232.0
295,109.0,242.0,241.0,232.0,233.0
296,109.0,243.0,242.0,233.0,234.0
297,110.0,244.0,243.0,234.0,235.0
298,110.0,245.0,244.0,235.0,235.0
299,110.0,246.0,245.0,236.0,235.0
300,110.0,247.0,246.0,237.0,235.0
301,110.0,247.0,247.0,238.0,236.0
302,110.0,248.0,248.0,239.0,237.0
303,111.0,249.0,249.0,240.0,238.0
304,111.0,250.0,250.0,240.0,239.0
305,111.0,250.0,251.0,240.0,240.0
306,112.0,251.0,252.0,240.0,241.0
307,113.0,252.0,253.0,241.0,242.0
308,113.0,253.0,254.0,242.0,243.0
309,113.0,254.0,254.0,243.0,244.0
310,113.0,254.0,254.0,244.0,245.0
311,114.0,254.0,254.0,245.0,246.0
312,115.0,255.0,255.0,246.0,247.0
313,116.0,256.0,256.0,247.0,248.0
314,116.0,257.0,256.0,248.0,248.0
315,117.0,257.0,256.0,249.0,249.0
316,118.0,257.0,256.0,250.0,249.0
317,118.0,258.0,257.0,251.0,250.0
318,118.0,258.0,258.0,252.0,251.0
319,119.0,259.0,258.0,253.0,252.0
320,120.0,260.0,259.0,254.0,253.0
321,121.0,261.0,260.0,255.0,254.0
322,122.0,262.0,261.0,256.0,255.0
323,123.0,263.0,261.0,257.0,255.0
324,124.0,264.0,262.0,257.0,256.0
325,124.0,265.0,263.0,258.0,256.0
326,125.0,266.0,264.0,259.0,257.0
327,126.0,267.0,265.0,259.0,257.0
328,127.0,268.0,265.0,260.0,258.0
329,127.0,269.0,266.0,260.0,259.0
330,127.0,269.0,267.0,261.0,260.0
331,127.0,270.0,268.0,262.0,261.0
332,127.0,271.0,269.0,263.0,261.0
333,128.0,272.0,270.0,264.0,262.0
334,129.0,273.0,271.0,264.0,263.0
335,129.0,273.0,271.0,265.0,264.0
336,129.0,274.0,272.0,266.0,265.0
337,130.0,275.0,273.0,267.0,266.0
338,130.0,276.0,274.0,268.0,266.0
339,131.0,277.0,275.0,268.0,267.0
340,131.0,278.0,275.0,269.0,268.0
341,131.0,279.0,276.0,270.0,268.0
342,131.0,280.0,277.0,271.0,269.0
343,131.0,281.0,278.0,272.0,270.0
344,131.0,281.0,279.0,273.0,271.0
345,131.0,282.0,279.0,273.0,272.0
346,131.0,283.0,280.0,274.0,273.0
347,131.0,284.0,281.0,275.0,274.0
348,131.0,285.0,282.0,275.0,275.0
349,131.0,286.0,283.0,276.0,276.0
350,131.0,287.0,284.0,277.0,277.0
351,132.0,288.0,284.0,278.0,277.0
352,133.0,289.0,285.0,279.0,278.0
353,134.0,289.0,285.0,280.0,279.0
354,135.0,290.0,285.0,281.0,280.0
355,135.0,290.0,286.0,282.0,281.0
356,136.0,291.0,287.0,283.0,281.0
357,137.0,292.0,288.0,284.0,281.0
358,137.0,293.0,289.0,284.0,282.0
359,137.0,294.0,289.0,285.0,283.0
360,137.0,295.0,290.0,286.0,284.0
361,137.0,296.0,291.0,287.0,285.0
362,137.0,297.0,291.0,288.0,286.0
363,137.0,298.0,292.0,288.0,286.0
364,137.0,299.0,293.0,288.0,287.0
365,137.0,300.0,293.0,289.0,288.0
366,138.0,301.0,294.0,290.0,289.0
367,139.0,302.0,295.0,291.0,290.0
368,139.0,302.0,296.0,292.0,290.0
369,140.0,302.0,297.0,293.0,291.0
370,140.0,303.0,298.0,293.0,292.0
371,140.0,304.0,299.0,294.0,293.0
372,141.0,305.0,300.0,295.0,293.0
373,141.0,306.0,301.0,296.0,294.0
374,141.0,306.0,302.0,297.0,295.0
375,142.0,307.0,303.0,297.0,296.0
376,142.0,308.0,304.0,298.0,296.0
377,142.0,309.0,304.0,299.0,297.0
378,142.0,310.0,305.0,300.0,298.0
379,142.0,311.0,306.0,300.0,299.0
380,142.0,312.0,307.0,301.0,300.0
381,143.0,312.0,308.0,302.0,301.0
382,144.0,313.0,308.0,303.0,302.0
383,144.0,313.0,309.0,303.0,303.0
384,145.0,314.0,310.0,304.0,304.0
385,146.0,315.0,311.0,305.0,304.0
386,147.0,316.0,311.0,306.0,305.0
387,148.0,317.0,312.0,307.0,305.0
388,148.0,317.0,313.0,308.0,306.0
389,148.0,317.0,314.0,309.0,307.0
390,148.0,317.0,314.0,310.0,307.0
391,148.0,317.0,315.0,311.0,308.0
392,148.0,318.0,316.0,311.0,308.0
393,148.0,319.0,317.0,312.0,308.0
394,149.0,320.0,318.0,312.0,308.0
395,150.0,321.0,319.0,313.0,309.0
396,150.0,322.0,320.0,314.0,310.0
397,150.0,323.0,321.0,314.0,310.0
398,150.0,324.0,322.0,315.0,311.0
399,150.0,325.0,322.0,315.0,311.0
400,151.0,326.0,323.0,315.0,312.0
401,152.0,327.0,324.0,315.0,313.0
402,152.0,328.0,325.0,316.0,314.0
403,152.0,328.0,326.0,317.0,315.0
404,153.0,329.0,327.0,317.0,315.0
405,153.0,330.0,328.0,318.0,316.0
406,154.0,331.0,328.0,318.0,316.0
407,154.0,332.0,329.0,319.0,317.0
408,154.0,333.0,330.0,320.0,318.0
409,155.0,334.0,331.0,321.0,319.0
410,155.0,334.0,332.0,322.0,320.0
411,155.0,335.0,333.0,322.0,321.0
412,156.0,336.0,333.0,323.0,321.0
413,156.0,337.0,334.0,323.0,322.0
414,156.0,338.0,334.0,324.0,323.0
415,156.0,338.0,335.0,325.0,323.0
416,157.0,339.0,336.0,326.0,324.0
417,158.0,340.0,337.0,327.0,325.0
418,158.0,341.0,338.0,328.0,326.0
419,158.0,342.0,338.0,328.0,326.0
420,158.0,343.0,339.0,329.0,327.0
421,158.0,344.0,339.0,330.0,328.0
422,158.0,345.0,340.0,331.0,328.0
423,158.0,346.0,341.0,332.0,329.0
424,158.0,346.0,342.0,332.0,330.0
425,158.0,347.0,343.0,332.0,331.0
426,159.0,348.0,344.0,332.0,332.0
427,160.0,349.0,345.0,333.0,333.0
428,160.0,350.0,345.0,334.0,334.0
429,160.0,351.0,346.0,334.0,335.0
430,160.0,352.0,347.0,335.0,335.0
431,160.0,352.0,347.0,336.0,336.0
432,160.0,353.0,348.0,337.0,337.0
433,160.0,354.0,349.0,338.0,338.0
434,160.0,355.0,350.0,339.0,339.0
435,160.0,356.0,350.0,340.0,340.0
436,160.0,357.0,351.0,341.0,341.0
437,160.0,358.0,352.0,341.0,342.0
438,161.0,358.0,352.0,342.0,343.0
439,161.0,359.0,353.0,343.0,344.0
440,161.0,360.0,354.0,344.0,345.0
441,162.0,361.0,355.0,345.0,346.0
442,163.0,362.0,355.0,346.0,347.0
443,163.0,363.0,356.0,347.0,348.0
444,163.0,364.0,357.0,348.0,349.0
445,163.0,365.0,358.0,349.0,349.0
446,163.0,366.0,359.0,350.0,350.0
447,163.0,367.0,359.0,351.0,351.0
448,164.0,367.0,360.0,352.0,352.0
449,164.0,368.0,361.0,353.0,352.0
450,165.0,368.0,362.0,354.0,352.0
451,166.0,369.0,363.0,355.0,353.0
452,167.0,370.0,364.0,355.0,354.0
453,167.0,371.0,364.0,356.0,355.0
454,167.0,372.0,365.0,356.0,356.0
455,168.0,372.0,365.0,357.0,357.0
456,168.0,372.0,365.0,358.0,357.0
457,168.0,373.0,366.0,359.0,358.0
458,169.0,374.0,367.0,360.0,358.0
459,169.0,375.0,368.0,361.0,359.0
460,170.0,376.0,369.0,361.0,360.0
461,171.0,377.0,370.0,362.0,360.0
462,171.0,377.0,370.0,363.0,361.0
463,171.0,378.0,371.0,364.0,361.0
464,171.0,379.0,372.0,365.0,362.0
465,171.0,379.0,373.0,366.0,363.0
466,171.0,380.0,373.0,366.0,364.0
467,171.0,381.0,373.0,367.0,365.0
468,171.0,382.0,374.0,367.0,365.0
469,171.0,383.0,375.0,367.0,366.0
470,171.0,384.0,376.0,368.0,367.0
471,171.0,384.0,377.0,369.0,368.0
472,172.0,385.0,378.0,370.0,369.0
473,173.0,385.0,379.0,370.0,370.0
474,173.0,386.0,380.0,370.0,371.0
475,173.0,387.0,381.0,371.0,372.0
476,173.0,388.0,382.0,372.0,373.0
477,174.0,389.0,383.0,373.0,373.0
478,174.0,389.0,384.0,373.0,374.0
479,174.0,390.0,384.0,374.0,374.0
480,175.0,391.0,385.0,375.0,374.0
481,176.0,391.0,386.0,376.0,375.0
482,176.0,392.0,387.0,377.0,376.0
483,176.0,393.0,388.0,378.0,377.0
484,176.0,394.0,389.0,378.0,378.0
485,176.0,395.0,390.0,379.0,379.0
486,176.0,396.0,391.0,380.0,380.0
487,177.0,397.0,391.0,380.0,380.0
488,177.0,398.0,392.0,381.0,381.0
489,177.0,399.0,393.0,382.0,382.0
490,177.0,400.0,394.0,383.0,383.0
491,177.0,401.0,395.0,384.0,384.0
492,177.0,402.0,396.0,384.0,385.0
493,178.0,403.0,397.0,385.0,386.0
494,178.0,404.0,398.0,386.0,387.0
495,179.0,405.0,399.0,387.0,388.0
496,180.0,406.0,400.0,388.0,388.0
497,180.0,407.0,401.0,389.0,389.0
498,180.0,408.0,402.0,389.0,390.0
499,181.0,408.0,403.0,390.0,391.0
500,181.0,409.0,404.0,391.0,392.0
501,181.0,410.0,405.0,392.0,392.0
502,182.0,411.0,405.0,393.0,393.0
503,182.0,411.0,406.0,394.0,394.0
504,183.0,412.0,407.0,395.0,395.0
505,183.0,413.0,408.0,396.0,396.0
506,183.0,414.0,409.0,397.0,397.0
507,183.0,415.0,410.0,397.0,398.0
508,184.0,416.0,410.0,398.0,399.0
509,185.0,417.0,411.0,399.0,400.0
510,186.0,418.0,412.0,400.0,401.0
511,186.0,419.0,413.0,401.0,402.0
512,186.0,420.0,414.0,401.0,403.0
513,186.0,421.0,415.0,402.0,404.0
514,186.0,422.0,416.0,403.0,405.0
515,186.0,422.0,417.0,404.0,406.0
516,187.0,423.0,418.0,405.0,407.0
517,187.0,424.0,418.0,406.0,408.0
518,187.0,424.0,419.0,407.0,408.0
519,188.0,425.0,420.0,408.0,409.0
520,189.0,426.0,421.0,409.0,410.0
521,189.0,427.0,422.0,410.0,410.0
522,190.0,428.0,423.0,411.0,411.0
523,190.0,429.0,424.0,412.0,411.0
524,191.0,430.0,424.0,413.0,412.0
525,191.0,431.0,425.0,414.0,413.0
526,192.0,432.0,426.0,415.0,414.0
527,193.0,432.0,427.0,416.0,414.0
528,193.0,433.0,427.0,417.0,415.0
529,193.0,434.0,428.0,417.0,416.0
530,194.0,435.0,429.0,418.0,417.0
531,194.0,435.0,429.0,419.0,418.0
532,195.0,436.0,430.0,419.0,418.0
533,196.0,437.0,431.0,420.0,418.0
534,197.0,438.0,432.0,420.0,419.0
535,198.0,439.0,433.0,421.0,420.0
536,199.0,440.0,433.0,422.0,421.0
537,199.0,441.0,433.0,423.0,422.0
538,200.0,442.0,434.0,423.0,423.0
539,200.0,443.0,435.0,424.0,424.0
540,201.0,444.0,435.0,425.0,425.0
541,201.0,445.0,436.0,426.0,426.0
542,201.0,446.0,437.0,427.0,427.0
543,202.0,447.0,437.0,427.0,428.0
544,203.0,448.0,438.0,427.0,429.0
545,204.0,448.0,438.0,428.0,429.0
546,205.0,449.0,439.0,429.0,430.0
547,205.0,449.0,440.0,430.0,431.0
548,206.0,450.0,441.0,431.0,432.0
549,207.0,450.0,441.0,432.0,433.0
550,207.0,451.0,442.0,433.0,434.0
551,208.0,452.0,443.0,434.0,434.0
552,208.0,453.0,444.0,434.0,435.0
553,208.0,454.0,445.0,434.0,435.0
554,208.0,455.0,445.0,435.0,435.0
555,208.0,456.0,446.0,435.0,436.0
556,209.0,456.0,447.0,436.0,437.0
557,209.0,457.0,448.0,437.0,438.0
558,210.0,458.0,449.0,438.0,439.0
559,211.0,458.0,450.0,439.0,440.0
560,212.0,459.0,451.0,440.0,440.0
561,213.0,459.0,452.0,441.0,441.0
562,214.0,459.0,453.0,442.0,441.0
563,214.0,460.0,454.0,442.0,442.0
564,214.0,461.0,455.0,443.0,443.0
565,215.0,462.0,456.0,443.0,443.0
566,216.0,463.0,457.0,444.0,444.0
567,216.0,464.0,458.0,444.0,445.0
568,216.0,464.0,458.0,445.0,445.0
569,216.0,465.0,458.0,446.0,445.0
570,216.0,466.0,458.0,446.0,446.0
571,216.0,466.0,459.0,446.0,447.0
572,217.0,467.0,460.0,447.0,447.0
573,217.0,468.0,461.0,448.0,448.0
574,217.0,469.0,462.0,449.0,449.0
575,218.0,470.0,463.0,450.0,450.0
576,218.0,471.0,464.0,451.0,451.0
577,218.0,471.0,464.0,451.0,451.0
578,218.0,472.0,465.0,452.0,452.0
579,218.0,473.0,465.0,453.0,452.0
580,218.0,474.0,466.0,453.0,452.0
581,219.0,475.0,467.0,454.0,453.0
582,220.0,476.0,467.0,454.0,454.0
583,220.0,477.0,467.0,455.0,455.0
584,220.0,477.0,468.0,456.0,455.0
585,221.0,478.0,469.0,456.0,456.0
586,221.0,479.0,470.0,457.0,457.0
587,222.0,480.0,471.0,457.0,458.0
588,223.0,480.0,472.0,458.0,459.0
589,223.0,481.0,473.0,459.0,459.0
590,223.0,482.0,474.0,459.0,459.0
591,223.0,483.0,475.0,460.0,460.0
592,224.0,484.0,476.0,461.0,461.0
593,225.0,484.0,477.0,462.0,462.0
594,226.0,485.0,478.0,463.0,463.0
595,226.0,486.0,479.0,463.0,464.0
596,226.0,487.0,480.0,464.0,464.0
597,227.0,487.0,480.0,465.0,465.0
598,227.0,488.0,481.0,466.0,466.0
599,228.0,488.0,482.0,467.0,467.0
600,229.0,489.0,483.0,468.0,468.0
601,230.0,490.0,484.0,469.0,469.0
602,231.0,491.0,485.0,469.0,470.0
603,231.0,492.0,485.0,469.0,470.0
604,231.0,493.0,486.0,470.0,471.0
605,231.0,494.0,487.0,471.0,472.0
606,232.0,495.0,488.0,472.0,472.0
607,232.0,496.0,489.0,473.0,473.0
608,233.0,497.0,489.0,474.0,474.0
609,233.0,497.0,490.0,474.0,475.0
610,234.0,498.0,491.0,475.0,476.0
611,234.0,499.0,492.0,476.0,477.0
612,235.0,500.0,493.0,477.0,478.0
613,235.0,501.0,494.0,478.0,479.0
614,235.0,502.0,495.0,479.0,480.0
615,236.0,503.0,495.0,480.0,481.0
616,236.0,504.0,495.0,480.0,481.0
617,236.0,505.0,496.0,481.0,481.0
618,237.0,506.0,497.0,482.0,482.0
619,238.0,506.0,498.0,482.0,482.0
620,239.0,506.0,499.0,483.0,483.0
621,240.0,507.0,500.0,484.0,484.0
622,241.0,507.0,501.0,485.0,485.0
623,242.0,508.0,502.0,486.0,486.0
624,243.0,508.0,503.0,487.0,487.0
625,243.0,509.0,504.0,488.0,488.0
626,243.0,510.0,505.0,489.0,488.0
627,244.0,511.0,505.0,490.0,489.0
628,244.0,512.0,506.0,491.0,490.0
629,245.0,513.0,506.0,491.0,491.0
630,245.0,513.0,506.0,491.0,491.0
631,245.0,514.0,507.0,492.0,491.0
632,246.0,514.0,507.0,492.0,492.0
633,246.0,515.0,507.0,493.0,492.0
634,246.0,515.0,508.0,494.0,493.0
635,247.0,516.0,509.0,495.0,494.0
636,247.0,517.0,510.0,496.0,494.0
637,248.0,518.0,510.0,497.0,495.0
638,248.0,519.0,511.0,498.0,496.0
639,249.0,520.0,512.0,498.0,497.0
640,249.0,520.0,513.0,499.0,498.0
641,249.0,521.0,514.0,500.0,499.0
642,250.0,522.0,514.0,501.0,500.0
643,250.0,523.0,515.0,501.0,501.0
644,251.0,524.0,516.0,502.0,502.0
645,252.0,525.0,517.0,503.0,502.0
646,253.0,526.0,517.0,504.0,503.0
647,253.0,527.0,518.0,505.0,504.0
648,253.0,527.0,519.0,506.0,505.0
649,253.0,528.0,520.0,507.0,506.0
650,254.0,529.0,521.0,508.0,507.0
651,254.0,530.0,522.0,509.0,507.0
652,254.0,531.0,523.0,510.0,507.0
653,254.0,532.0,523.0,511.0,507.0
654,254.0,533.0,524.0,512.0,508.0
655,254.0,534.0,525.0,513.0,509.0
656,254.0,535.0,526.0,514.0,510.0
657,255.0,536.0,526.0,515.0,511.0
658,255.0,536.0,527.0,516.0,512.0
659,256.0,537.0,528.0,517.0,512.0
660,257.0,538.0,529.0,518.0,513.0
661,258.0,538.0,530.0,519.0,514.0
662,258.0,539.0,531.0,520.0,515.0
663,259.0,540.0,532.0,521.0,516.0
664,260.0,541.0,533.0,522.0,517.0
665,261.0,542.0,534.0,523.0,518.0
666,261.0,543.0,535.0,523.0,519.0
667,262.0,544.0,536.0,523.0,520.0
668,262.0,545.0,537.0,523.0,521.0
669,262.0,546.0,538.0,524.0,521.0
670,263.0,547.0,539.0,525.0,522.0
671,264.0,547.0,540.0,526.0,522.0
672,265.0,547.0,541.0,527.0,523.0
673,265.0,548.0,542.0,528.0,524.0
674,266.0,549.0,543.0,529.0,525.0
675,266.0,550.0,544.0,530.0,526.0
676,266.0,551.0,545.0,531.0,527.0
677,267.0,551.0,546.0,532.0,528.0
678,267.0,552.0,547.0,533.0,529.0
679,268.0,553.0,547.0,534.0,530.0
680,268.0,554.0,547.0,535.0,531.0
681,268.0,555.0,548.0,536.0,532.0
682,269.0,555.0,548.0,537.0,533.0
683,269.0,555.0,549.0,538.0,533.0
684,269.0,556.0,550.0,539.0,534.0
685,270.0,557.0,551.0,539.0,535.0
686,270.0,558.0,552.0,540.0,536.0
687,270.0,559.0,553.0,540.0,537.0
688,271.0,560.0,554.0,541.0,538.0
689,272.0,560.0,555.0,542.0,539.0
690,272.0,561.0,556.0,543.0,540.0
691,272.0,562.0,557.0,544.0,541.0
692,273.0,562.0,558.0,545.0,542.0
693,274.0,563.0,559.0,546.0,543.0
694,274.0,564.0,560.0,547.0,544.0
695,274.0,565.0,561.0,548.0,544.0
696,274.0,566.0,562.0,549.0,544.0
697,274.0,567.0,563.0,550.0,545.0
698,274.0,568.0,564.0,551.0,546.0
699,274.0,568.0,565.0,551.0,546.0
700,275.0,569.0,566.0,552.0,547.0
701,275.0,570.0,567.0,553.0,547.0
702,276.0,571.0,568.0,554.0,547.0
703,276.0,572.0,569.0,555.0,548.0
704,276.0,572.0,570.0,556.0,549.0
705,276.0,573.0,571.0,557.0,550.0
706,276.0,574.0,572.0,558.0,550.0
707,277.0,575.0,573.0,559.0,551.0
708,277.0,575.0,574.0,560.0,552.0
709,277.0,576.0,574.0,561.0,553.0
710,277.0,576.0,574.0,562.0,554.0
711,277.0,576.0,575.0,562.0,555.0
712,278.0,577.0,576.0,562.0,555.0
713,279.0,578.0,576.0,563.0,556.0
714,279.0,579.0,577.0,564.0,557.0
715,279.0,580.0,578.0,564.0,557.0
716,280.0,581.0,579.0,565.0,557.0
717,281.0,582.0,580.0,565.0,558.0
718,281.0,583.0,581.0,565.0,558.0
719,282.0,584.0,582.0,566.0,558.0
720,282.0,584.0,583.0,567.0,559.0
721,282.0,585.0,584.0,568.0,560.0
722,282.0,586.0,585.0,568.0,561.0
723,282.0,587.0,586.0,569.0,562.0
724,283.0,588.0,586.0,570.0,562.0
725,284.0,589.0,587.0,571.0,563.0
726,284.0,589.0,588.0,572.0,563.0
727,284.0,590.0,589.0,573.0,564.0
728,284.0,591.0,589.0,573.0,565.0
729,285.0,592.0,590.0,574.0,566.0
730,285.0,593.0,591.0,575.0,566.0
731,285.0,593.0,592.0,575.0,567.0
732,286.0,593.0,593.0,575.0,568.0
733,286.0,594.0,593.0,576.0,569.0
734,286.0,595.0,594.0,576.0,570.0
735,287.0,596.0,595.0,576.0,571.0
736,287.0,597.0,596.0,577.0,572.0
737,287.0,598.0,596.0,577.0,572.0
738,287.0,599.0,597.0,578.0,573.0
739,288.0,600.0,598.0,579.0,574.0
740,288.0,601.0,599.0,579.0,575.0
741,289.0,601.0,600.0,580.0,575.0
742,290.0,602.0,601.0,580.0,576.0
743,290.0,603.0,601.0,581.0,576.0
744,290.0,604.0,602.0,582.0,577.0
745,291.0,605.0,603.0,583.0,578.0
746,292.0,606.0,603.0,583.0,579.0
747,293.0,607.0,604.0,584.0,580.0
748,293.0,608.0,605.0,585.0,581.0
749,293.0,608.0,606.0,585.0,582.0
750,294.0,609.0,607.0,586.0,583.0
751,294.0,610.0,608.0,586.0,584.0
752,294.0,611.0,609.0,587.0,585.0
753,294.0,612.0,610.0,588.0,585.0
754,294.0,613.0,611.0,589.0,586.0
755,294.0,614.0,612.0,590.0,587.0
756,294.0,614.0,612.0,591.0,588.0
757,294.0,615.0,613.0,592.0,588.0
758,294.0,616.0,613.0,593.0,589.0
759,294.0,616.0,614.0,593.0,590.0
760,294.0,617.0,615.0,594.0,591.0
761,294.0,618.0,616.0,595.0,592.0
762,295.0,619.0,616.0,596.0,593.0
763,296.0,620.0,617.0,597.0,594.0
764,296.0,621.0,618.0,598.0,595.0
765,296.0,622.0,618.0,599.0,596.0
766,297.0,622.0,619.0,600.0,597.0
767,298.0,622.0,619.0,601.0,597.0
768,299.0,623.0,620.0,602.0,598.0
769,299.0,624.0,621.0,602.0,599.0
770,299.0,625.0,622.0,603.0,599.0
771,299.0,626.0,623.0,604.0,600.0
772,300.0,627.0,624.0,605.0,600.0
773,301.0,628.0,625.0,605.0,601.0
774,302.0,628.0,626.0,606.0,602.0
775,302.0,629.0,626.0,607.0,603.0
776,302.0,630.0,627.0,608.0,604.0
777,302.0,630.0,628.0,609.0,605.0
778,303.0,631.0,629.0,610.0,606.0
779,304.0,632.0,630.0,611.0,607.0
780,304.0,633.0,631.0,612.0,608.0
781,305.0,634.0,632.0,613.0,609.0
782,306.0,634.0,633.0,614.0,610.0
783,306.0,634.0,634.0,614.0,611.0
784,307.0,635.0,634.0,615.0,612.0
785,307.0,635.0,634.0,616.0,613.0
786,308.0,636.0,635.0,616.0,614.0
787,308.0,636.0,636.0,617.0,615.0
788,308.0,637.0,637.0,617.0,615.0
789,309.0,638.0,637.0,618.0,616.0
790,310.0,639.0,637.0,619.0,616.0
791,310.0,640.0,637.0,620.0,617.0
792,311.0,641.0,637.0,621.0,618.0
793,312.0,642.0,638.0,621.0,619.0
794,313.0,643.0,639.0,622.0,619.0
795,313.0,644.0,639.0,622.0,620.0
796,313.0,645.0,640.0,623.0,621.0
797,313.0,646.0,641.0,624.0,622.0
798,313.0,647.0,642.0,625.0,623.0
799,314.0,648.0,643.0,625.0,624.0
800,315.0,648.0,644.0,626.0,625.0
801,316.0,649.0,645.0,627.0,626.0
802,316.0,650.0,646.0,628.0,626.0
803,317.0,651.0,647.0,629.0,627.0
804,318.0,652.0,648.0,629.0,628.0
805,318.0,653.0,649.0,629.0,629.0
806,318.0,654.0,650.0,630.0,630.0
807,318.0,655.0,651.0,631.0,631.0
808,318.0,656.0,652.0,632.0,632.0
809,319.0,657.0,653.0,633.0,633.0
810,319.0,658.0,654.0,633.0,634.0
811,320.0,658.0,655.0,634.0,634.0
812,320.0,659.0,656.0,635.0,635.0
813,320.0,660.0,657.0,636.0,636.0
814,320.0,660.0,658.0,637.0,636.0
815,321.0,660.0,659.0,638.0,636.0
816,322.0,661.0,660.0,639.0,637.0
817,323.0,661.0,661.0,640.0,637.0
818,323.0,662.0,662.0,640.0,638.0
819,323.0,663.0,663.0,641.0,639.0
820,324.0,664.0,664.0,642.0,640.0
821,325.0,665.0,665.0,643.0,641.0
822,325.0,666.0,665.0,644.0,642.0
823,325.0,667.0,666.0,645.0,643.0
824,325.0,668.0,666.0,646.0,644.0
825,325.0,669.0,667.0,647.0,645.0
826,326.0,669.0,668.0,648.0,646.0
827,326.0,670.0,669.0,648.0,647.0
828,326.0,671.0,669.0,649.0,648.0
829,326.0,672.0,670.0,650.0,649.0
830,327.0,672.0,671.0,650.0,649.0
831,328.0,672.0,672.0,650.0,650.0
832,328.0,673.0,673.0,651.0,651.0
833,329.0,674.0,674.0,651.0,652.0
834,330.0,675.0,675.0,652.0,653.0
835,331.0,676.0,676.0,653.0,654.0
836,331.0,677.0,676.0,653.0,655.0
837,331.0,678.0,677.0,654.0,655.0
838,331.0,679.0,678.0,655.0,656.0
839,331.0,680.0,679.0,656.0,657.0
840,331.0,680.0,680.0,657.0,658.0
841,331.0,681.0,681.0,658.0,658.0
842,331.0,682.0,682.0,659.0,658.0
843,332.0,683.0,683.0,660.0,658.0
844,332.0,683.0,684.0,661.0,658.0
845,332.0,684.0,684.0,662.0,659.0
846,332.0,685.0,685.0,662.0,660.0
847,332.0,685.0,686.0,663.0,660.0
848,333.0,686.0,686.0,664.0,661.0
849,333.0,687.0,686.0,665.0,662.0
850,333.0,688.0,687.0,666.0,662.0
851,333.0,689.0,687.0,667.0,663.0
852,333.0,690.0,688.0,668.0,664.0
853,334.0,691.0,689.0,668.0,665.0
854,335.0,692.0,690.0,669.0,666.0
855,336.0,693.0,691.0,670.0,667.0
856,336.0,694.0,692.0,671.0,668.0
857,336.0,695.0,692.0,671.0,669.0
858,337.0,695.0,693.0,671.0,670.0
859,337.0,696.0,694.0,671.0,670.0
860,338.0,697.0,695.0,671.0,670.0
861,338.0,698.0,696.0,672.0,671.0
862,338.0,699.0,697.0,673.0,672.0
863,339.0,700.0,698.0,673.0,673.0
864,340.0,700.0,699.0,674.0,674.0
865,341.0,701.0,700.0,675.0,675.0
866,341.0,702.0,701.0,676.0,676.0
867,341.0,702.0,702.0,677.0,677.0
868,341.0,703.0,703.0,678.0,677.0
869,341.0,704.0,704.0,679.0,678.0
870,342.0,705.0,705.0,680.0,678.0
871,343.0,706.0,705.0,681.0,679.0
872,344.0,706.0,705.0,682.0,680.0
873,344.0,707.0,706.0,683.0,681.0
874,345.0,708.0,707.0,684.0,682.0
875,345.0,709.0,708.0,685.0,682.0
876,346.0,710.0,709.0,685.0,682.0
877,346.0,711.0,710.0,685.0,683.0
878,346.0,711.0,711.0,686.0,684.0
879,346.0,712.0,712.0,687.0,684.0
880,347.0,713.0,713.0,688.0,685.0
881,347.0,714.0,714.0,689.0,686.0
882,347.0,715.0,714.0,690.0,687.0
883,348.0,716.0,715.0,691.0,688.0
884,348.0,717.0,716.0,692.0,688.0
885,349.0,718.0,717.0,692.0,688.0
886,350.0,718.0,718.0,693.0,688.0
887,350.0,719.0,719.0,693.0,688.0
888,350.0,720.0,720.0,694.0,689.0
889,350.0,721.0,721.0,695.0,690.0
890,350.0,722.0,722.0,696.0,691.0
891,350.0,723.0,723.0,697.0,692.0
892,350.0,724.0,724.0,697.0,693.0
893,350.0,725.0,725.0,697.0,693.0
894,351.0,726.0,726.0,698.0,693.0
895,352.0,726.0,726.0,699.0,694.0
896,352.0,726.0,726.0,699.0,694.0
897,352.0,727.0,727.0,700.0,695.0
898,353.0,728.0,728.0,701.0,696.0
899,354.0,729.0,729.0,702.0,696.0
900,354.0,730.0,730.0,703.0,697.0
901,355.0,731.0,731.0,703.0,698.0
902,355.0,732.0,732.0,703.0,699.0
903,355.0,733.0,733.0,703.0,700.0
904,355.0,734.0,733.0,703.0,701.0
905,355.0,735.0,734.0,704.0,702.0
906,355.0,736.0,734.0,705.0,702.0
907,355.0,737.0,735.0,706.0,703.0
908,355.0,737.0,736.0,707.0,703.0
909,356.0,738.0,737.0,708.0,704.0
910,357.0,739.0,738.0,708.0,704.0
911,357.0,740.0,738.0,708.0,705.0
912,357.0,740.0,738.0,709.0,706.0
913,358.0,741.0,739.0,710.0,707.0
914,359.0,741.0,740.0,710.0,708.0
915,360.0,742.0,741.0,711.0,709.0
916,361.0,743.0,742.0,712.0,709.0
917,361.0,744.0,742.0,712.0,710.0
918,361.0,745.0,743.0,713.0,711.0
919,362.0,746.0,744.0,714.0,711.0
920,362.0,747.0,745.0,715.0,712.0
921,362.0,748.0,745.0,716.0,713.0
922,362.0,749.0,745.0,717.0,714.0
923,363.0,750.0,745.0,718.0,715.0
924,364.0,751.0,745.0,718.0,716.0
925,364.0,751.0,746.0,719.0,717.0
926,364.0,751.0,747.0,719.0,718.0
927,365.0,752.0,748.0,720.0,719.0
928,365.0,753.0,749.0,720.0,720.0
929,365.0,753.0,750.0,721.0,720.0
930,365.0,754.0,750.0,722.0,721.0
931,365.0,755.0,750.0,723.0,721.0
932,366.0,756.0,751.0,724.0,721.0
933,366.0,757.0,752.0,725.0,722.0
934,367.0,757.0,752.0,725.0,723.0
935,367.0,758.0,753.0,726.0,724.0
936,368.0,758.0,754.0,727.0,725.0
937,369.0,759.0,754.0,727.0,726.0
938,369.0,760.0,755.0,728.0,727.0
939,369.0,761.0,756.0,729.0,727.0
940,369.0,762.0,757.0,730.0,728.0
941,369.0,762.0,758.0,731.0,728.0
942,369.0,763.0,759.0,732.0,728.0
943,369.0,764.0,760.0,733.0,729.0
944,369.0,765.0,760.0,734.0,730.0
945,369.0,766.0,761.0,734.0,731.0
946,369.0,767.0,761.0,734.0,732.0
947,369.0,768.0,762.0,734.0,733.0
948,369.0,769.0,763.0,735.0,733.0
949,370.0,770.0,763.0,736.0,734.0
950,370.0,771.0,764.0,737.0,735.0
951,371.0,772.0,765.0,737.0,735.0
952,372.0,773.0,766.0,738.0,735.0
953,372.0,773.0,767.0,739.0,736.0
954,372.0,774.0,768.0,740.0,737.0
955,372.0,775.0,769.0,741.0,737.0
956,372.0,776.0,769.0,742.0,738.0
957,372.0,776.0,770.0,743.0,739.0
958,373.0,777.0,771.0,744.0,739.0
959,373.0,777.0,772.0,744.0,740.0
960,374.0,777.0,773.0,745.0,741.0
961,374.0,778.0,774.0,746.0,741.0
962,374.0,779.0,775.0,747.0,741.0
963,375.0,780.0,776.0,748.0,742.0
964,375.0,781.0,777.0,749.0,743.0
965,375.0,782.0,777.0,750.0,743.0
966,376.0,783.0,778.0,751.0,743.0
967,377.0,783.0,779.0,751.0,744.0
968,377.0,784.0,780.0,752.0,745.0
969,377.0,784.0,780.0,753.0,745.0
970,377.0,785.0,781.0,753.0,746.0
971,378.0,786.0,781.0,753.0,746.0
972,379.0,787.0,782.0,754.0,746.0
973,380.0,788.0,783.0,755.0,746.0
974,380.0,789.0,784.0,755.0,747.0
975,380.0,790.0,785.0,756.0,748.0
976,380.0,790.0,785.0,757.0,748.0
977,381.0,790.0,785.0,757.0,749.0
978,381.0,791.0,786.0,758.0,749.0
979,381.0,792.0,787.0,759.0,749.0
980,381.0,793.0,788.0,759.0,750.0
981,382.0,794.0,789.0,759.0,751.0
982,382.0,795.0,789.0,760.0,751.0
983,382.0,796.0,789.0,761.0,751.0
984,382.0,797.0,790.0,762.0,752.0
985,383.0,798.0,791.0,763.0,753.0
986,383.0,799.0,792.0,763.0,754.0
987,383.0,800.0,793.0,764.0,755.0
988,384.0,801.0,794.0,765.0,756.0
989,384.0,801.0,794.0,766.0,757.0
990,385.0,802.0,795.0,767.0,758.0
991,386.0,803.0,796.0,768.0,759.0
992,387.0,804.0,797.0,769.0,760.0
993,388.0,805.0,798.0,770.0,760.0
994,388.0,806.0,798.0,771.0,761.0
995,388.0,807.0,799.0,772.0,762.0
996,389.0,808.0,800.0,772.0,763.0
997,390.0,809.0,800.0,773.0,763.0
998,391.0,810.0,801.0,773.0,764.0
999,391.0,811.0,802.0,774.0,765.0
